"id","name","url","size","type","createdAt","updatedAt","authorId"
"cmejy4pii0001vyhwvm6cjvlb","20.png","/uploads/1755692743718-20.png",578020,"image/png","2025-08-20 12:25:46.794","2025-08-20 12:25:46.794","cmeh5dugk0000vyy07akpu0go"
"cmf3nv1mr0017vyiwh37phc83","90.png","/uploads/1756884823283-90.png",403903,"image/png","2025-09-03 07:33:43.298","2025-09-03 07:33:43.298","cmeh5dugk0000vyy07akpu0go"
"cmf6n9kmq0007vyswdwegrc9v","WhatsApp Image 2025-09-05 at 12.16.08 PM.jpeg","/uploads/1757065218649-whatsapp_image_2025_09_05_at_12.16.08_pm.jpeg",199286,"image/jpeg","2025-09-05 09:40:20.018","2025-09-05 09:40:20.018","cmeh5dugk0000vyy07akpu0go"
"cmf6tulcl0005vy5c90kfvqbo","arg.png","/uploads/1757076277049-arg.png",404548,"image/png","2025-09-05 12:44:38.421","2025-09-05 12:44:38.421","cmeh5dugk0000vyy07akpu0go"
"cmf6ucl1s000fvy5cobr4eotc","oli.png","/uploads/1757077117571-oli.png",359570,"image/png","2025-09-05 12:58:37.841","2025-09-05 12:58:37.841","cmeh5dugk0000vyy07akpu0go"
"cmf6uhbvr000hvy5cs3ur0snj","ser'.png","/uploads/1757077337410-ser_.png",643413,"image/png","2025-09-05 13:02:19.239","2025-09-05 13:02:19.239","cmeh5dugk0000vyy07akpu0go"
"cmf6ulso8000jvy5cy6jvhfgh","hairser'.png","/uploads/1757077545813-hairser_.png",673475,"image/png","2025-09-05 13:05:47.625","2025-09-05 13:05:47.625","cmeh5dugk0000vyy07akpu0go"
"cmf6uqj6f000lvy5ca5t8393x","facem'.png","/uploads/1757077766525-facem_.png",487609,"image/png","2025-09-05 13:09:28.599","2025-09-05 13:09:28.599","cmeh5dugk0000vyy07akpu0go"
"cmfarlzyq0007vylg03qpcmml","1757313844714-moisturizer.PNG","/uploads/1757314380974-1757313844714_moisturizer.png",163638,"image/png","2025-09-08 06:53:02.93","2025-09-08 06:53:02.93","cmeh5dugk0000vyy07akpu0go"
"cmfarpum20009vylgsx5makbx","ser_.png","/uploads/1757314562399-ser_.png",86345,"image/png","2025-09-08 06:56:02.619","2025-09-08 06:56:02.619","cmeh5dugk0000vyy07akpu0go"
"cmfcbyv7m0001vywoi1fx51rg","leave in (1).png","/uploads/1757409031607-leave_in__1_.png",767499,"image/png","2025-09-09 09:10:39.661","2025-09-09 09:10:39.661","cmeh5dugk0000vyy07akpu0go"
"cmfcd7kuf000kvywov6unkjy9","pinks.png","/uploads/1757411125764-pinks.png",1046581,"image/png","2025-09-09 09:45:27.879","2025-09-09 09:45:27.879","cmeh5dugk0000vyy07akpu0go"
"cmfcd7oln000mvywonfgakhh3","greens.png","/uploads/1757411132725-greens.png",1008374,"image/png","2025-09-09 09:45:32.747","2025-09-09 09:45:32.747","cmeh5dugk0000vyy07akpu0go"
"cmfcd7rbe000ovywo2yjewqad","applec.png","/uploads/1757411136186-applec.png",989378,"image/png","2025-09-09 09:45:36.266","2025-09-09 09:45:36.266","cmeh5dugk0000vyy07akpu0go"
"cmfcd7zpx000qvywokoucaopk","pinkc.png","/uploads/1757411145891-pinkc.png",1126566,"image/png","2025-09-09 09:45:47.157","2025-09-09 09:45:47.157","cmeh5dugk0000vyy07akpu0go"
"cmfcd81cv000svywozzovkq8m","conditioneryellow.png","/uploads/1757411148060-conditioneryellow.png",321987,"image/png","2025-09-09 09:45:49.28","2025-09-09 09:45:49.28","cmeh5dugk0000vyy07akpu0go"
"cmfcd87hq000uvywoh4uasn9k","glycerinelotion.png","/uploads/1757411156785-glycerinelotion.png",559251,"image/png","2025-09-09 09:45:57.23","2025-09-09 09:45:57.23","cmeh5dugk0000vyy07akpu0go"
"cmfcd89x2000wvywoutczuqm7","castorunrefined.png","/uploads/1757411160016-castorunrefined.png",705909,"image/png","2025-09-09 09:46:00.374","2025-09-09 09:46:00.374","cmeh5dugk0000vyy07akpu0go"
"cmfcd8bpr000yvywoh3gi84c5","oli'.png","/uploads/1757411162546-oli_.png",598569,"image/png","2025-09-09 09:46:02.703","2025-09-09 09:46:02.703","cmeh5dugk0000vyy07akpu0go"
"cmfcdme730010vywoboh58051","blackcastor.png","/uploads/1757411818794-blackcastor.png",482951,"image/png","2025-09-09 09:56:58.84","2025-09-09 09:56:58.84","cmeh5dugk0000vyy07akpu0go"
"cmfcdmity0012vywom98tu5yp","mouldingwax.png","/uploads/1757411824779-mouldingwax.png",1008101,"image/png","2025-09-09 09:57:05.11","2025-09-09 09:57:05.11","cmeh5dugk0000vyy07akpu0go"
"cmfcgiw43001uvywotuxmn3n7","aloegly.png","/uploads/1757416693909-aloegly.png",571382,"image/png","2025-09-09 11:18:14.547","2025-09-09 11:18:14.547","cmeh5dugk0000vyy07akpu0go"
"cmfcgiz20001wvywooou4tzm9","pinkgly.png","/uploads/1757416696989-pinkgly.png",520712,"image/png","2025-09-09 11:18:18.361","2025-09-09 11:18:18.361","cmeh5dugk0000vyy07akpu0go"
"cmfcgizoh001yvywowavj42fa","yellowhairfood.png","/uploads/1757416699123-yellowhairfood.png",570180,"image/png","2025-09-09 11:18:19.169","2025-09-09 11:18:19.169","cmeh5dugk0000vyy07akpu0go"
"cmfcgj8ks0020vywogqnet13f","royalbreeze.png","/uploads/1757416710091-royalbreeze.png",776702,"image/png","2025-09-09 11:18:30.7","2025-09-09 11:18:30.7","cmeh5dugk0000vyy07akpu0go"
"cmfcgm0rl0022vywoz7bzc936","cleargly.png","/uploads/1757416840257-cleargly.png",504814,"image/png","2025-09-09 11:20:40.545","2025-09-09 11:20:40.545","cmeh5dugk0000vyy07akpu0go"
"cmfcgwuw40024vywolz2dogp9","acetone.png","/uploads/1757417344647-acetone.png",927374,"image/png","2025-09-09 11:29:06.148","2025-09-09 11:29:06.148","cmeh5dugk0000vyy07akpu0go"
"cmfcgwxps0026vywoaabq1wml","antiseptic.png","/uploads/1757417349787-antiseptic.png",752454,"image/png","2025-09-09 11:29:09.809","2025-09-09 11:29:09.809","cmeh5dugk0000vyy07akpu0go"
"cmfci2wk2002kvywom3ita0wg","greentea.png","/uploads/1757419306065-greentea.png",764188,"image/png","2025-09-09 12:01:47.858","2025-09-09 12:01:47.858","cmeh5dugk0000vyy07akpu0go"
"cmfci30k3002mvywoocmxm6kw","teatree.png","/uploads/1757419312982-teatree.png",896343,"image/png","2025-09-09 12:01:53.043","2025-09-09 12:01:53.043","cmeh5dugk0000vyy07akpu0go"
"cmfci31hs002ovywozx4i3awp","jojoba.png","/uploads/1757419314203-jojoba.png",857164,"image/png","2025-09-09 12:01:54.256","2025-09-09 12:01:54.256","cmeh5dugk0000vyy07akpu0go"
"cmfcikfdr002qvywo3xbj4sgr","foamguard.png","/uploads/1757420123656-foamguard.png",698297,"image/png","2025-09-09 12:15:25.407","2025-09-09 12:15:25.407","cmeh5dugk0000vyy07akpu0go"
"cmfciki6y002svywopwh15akj","handwash.png","/uploads/1757420129029-handwash.png",769134,"image/png","2025-09-09 12:15:29.051","2025-09-09 12:15:29.051","cmeh5dugk0000vyy07akpu0go"
"cmfdl9mxb0003vy80f900htsd","almond.png","/uploads/1757485126978-almond.png",1543330,"image/png","2025-09-10 06:18:46.991","2025-09-10 06:18:46.991","cmeh5dugk0000vyy07akpu0go"
"cmfdlebpm0005vy80ojd7fi2y","premium male.png","/uploads/1757485344311-premium_male.png",907446,"image/png","2025-09-10 06:22:25.738","2025-09-10 06:22:25.738","cmeh5dugk0000vyy07akpu0go"
"cmfdledqc0007vy80638xofhb","diamond rose.png","/uploads/1757485348329-diamond_rose.png",1589914,"image/png","2025-09-10 06:22:28.356","2025-09-10 06:22:28.356","cmeh5dugk0000vyy07akpu0go"
"cmfdlefqt0009vy808xfykrm5","aloe.png","/uploads/1757485350896-aloe.png",1896093,"image/png","2025-09-10 06:22:30.965","2025-09-10 06:22:30.965","cmeh5dugk0000vyy07akpu0go"
"cmfdlejfy000bvy80oqaovhds","caramel.png","/uploads/1757485353370-caramel.png",2019065,"image/png","2025-09-10 06:22:35.758","2025-09-10 06:22:35.758","cmeh5dugk0000vyy07akpu0go"
"cmfdlekx6000dvy80f5msecnc","absolute.png","/uploads/1757485357595-absolute.png",2082528,"image/png","2025-09-10 06:22:37.674","2025-09-10 06:22:37.674","cmeh5dugk0000vyy07akpu0go"
"cmfdlenmb000fvy80c96pn5yv","invig.png","/uploads/1757485360948-invig.png",1284036,"image/png","2025-09-10 06:22:41.17","2025-09-10 06:22:41.17","cmeh5dugk0000vyy07akpu0go"
"cmfdlepgy000hvy80foy8q6p6","pn.png","/uploads/1757485363403-pn.png",1604821,"image/png","2025-09-10 06:22:43.57","2025-09-10 06:22:43.57","cmeh5dugk0000vyy07akpu0go"
"cmfdmgbnu000jvy806tzlfwit","aloe'scrub.png","/uploads/1757487116336-aloe_scrub.png",944185,"image/png","2025-09-10 06:51:58.603","2025-09-10 06:51:58.603","cmeh5dugk0000vyy07akpu0go"
"cmfdmgdpx000lvy80tq8iwfv8","sweet'al.png","/uploads/1757487121189-sweet_al.png",1147133,"image/png","2025-09-10 06:52:01.269","2025-09-10 06:52:01.269","cmeh5dugk0000vyy07akpu0go"
"cmfdmgf6b000nvy80d6dkbku6","Apricot.png","/uploads/1757487123077-apricot.png",984592,"image/png","2025-09-10 06:52:03.155","2025-09-10 06:52:03.155","cmeh5dugk0000vyy07akpu0go"
"cmfdmghgh000pvy80k7yuww7f","peach'scrub.png","/uploads/1757487126095-peach_scrub.png",1336764,"image/png","2025-09-10 06:52:06.114","2025-09-10 06:52:06.114","cmeh5dugk0000vyy07akpu0go"
"cmfdmgj3l000rvy80jb23gzye","Baobab'scrub.png","/uploads/1757487128158-baobab_scrub.png",1335798,"image/png","2025-09-10 06:52:08.241","2025-09-10 06:52:08.241","cmeh5dugk0000vyy07akpu0go"
"cmfdmgkpd000tvy80ksf5m7gh","pista'scrub.png","/uploads/1757487130235-pista_scrub.png",1247955,"image/png","2025-09-10 06:52:10.321","2025-09-10 06:52:10.321","cmeh5dugk0000vyy07akpu0go"
"cmfdmgnei000vvy80l41elz08","avo'scrub.png","/uploads/1757487133664-avo_scrub.png",1289015,"image/png","2025-09-10 06:52:13.817","2025-09-10 06:52:13.817","cmeh5dugk0000vyy07akpu0go"
"cmfdmgp8w000xvy80riey62fd","oli'scrub.png","/uploads/1757487136188-oli_scrub.png",1299300,"image/png","2025-09-10 06:52:16.208","2025-09-10 06:52:16.208","cmeh5dugk0000vyy07akpu0go"
"cmfdppx2c001hvy80h2fic13r","le'hw.png","/uploads/1757492599649-le_hw.png",1763651,"image/png","2025-09-10 08:23:24.263","2025-09-10 08:23:24.263","cmeh5dugk0000vyy07akpu0go"
"cmfdpqjlq001jvy80en7xgv6g","rose'hw.png","/uploads/1757492633614-rose_hw.png",1677120,"image/png","2025-09-10 08:23:54.166","2025-09-10 08:23:54.166","cmeh5dugk0000vyy07akpu0go"
"cmfdpqr7h001lvy80k6bpnqwv","apricot'hw.png","/uploads/1757492637858-apricot_hw.png",1656667,"image/png","2025-09-10 08:24:04.157","2025-09-10 08:24:04.157","cmeh5dugk0000vyy07akpu0go"
"cmfdpqtt4001nvy8093x6jpjy","st'hw.png","/uploads/1757492646285-st_hw.png",1727044,"image/png","2025-09-10 08:24:07.528","2025-09-10 08:24:07.528","cmeh5dugk0000vyy07akpu0go"
"cmfdpqxep001pvy80oiluf5wx","la'hw.png","/uploads/1757492649235-la_hw.png",1835153,"image/png","2025-09-10 08:24:12.149","2025-09-10 08:24:12.149","cmeh5dugk0000vyy07akpu0go"
"cmfdpr3ue001rvy800wbhmzz3","orange'hw.png","/uploads/1757492659122-orange_hw.png",1651728,"image/png","2025-09-10 08:24:20.534","2025-09-10 08:24:20.534","cmeh5dugk0000vyy07akpu0go"
"cmfdvyx1z0001vyk0na816dtn","teatree'.png","/uploads/1757503100037-teatree_.png",1332739,"image/png","2025-09-10 11:18:22.483","2025-09-10 11:18:22.483","cmeh5dugk0000vyy07akpu0go"
"cmfdvz1g50003vyk0bbcce6e5","argtre'.png","/uploads/1757503108358-argtre_.png",1367651,"image/png","2025-09-10 11:18:28.373","2025-09-10 11:18:28.373","cmeh5dugk0000vyy07akpu0go"
"cmfdvz4700005vyk0qajjc0zx","Proteintre'.png","/uploads/1757503111358-proteintre_.png",1417342,"image/png","2025-09-10 11:18:31.932","2025-09-10 11:18:31.932","cmeh5dugk0000vyy07akpu0go"
"cmfdx1omv000dvyk0ap9nnyr2","olivetre.png","/uploads/1757504908469-olivetre.png",539999,"image/png","2025-09-10 11:48:31.351","2025-09-10 11:48:31.351","cmeh5dugk0000vyy07akpu0go"
"cmfdx1r5h000fvyk02g22dj13","Argan'tre.png","/uploads/1757504914600-argan_tre.png",538830,"image/png","2025-09-10 11:48:34.613","2025-09-10 11:48:34.613","cmeh5dugk0000vyy07akpu0go"
"cmfdx1t8n000hvyk0fdskxvuf","Keratintre'.png","/uploads/1757504917303-keratintre_.png",513885,"image/png","2025-09-10 11:48:37.319","2025-09-10 11:48:37.319","cmeh5dugk0000vyy07akpu0go"
"cmfdz1ei9000pvyk0baoxnrzz","sweet'alo.png","/uploads/1757508254326-sweet_alo.png",983774,"image/png","2025-09-10 12:44:17.164","2025-09-10 12:44:17.164","cmeh5dugk0000vyy07akpu0go"
"cmfdzwppc000tvyk09umm3mog","anti'.png","/uploads/1757509716348-anti_.png",586321,"image/png","2025-09-10 13:08:38.304","2025-09-10 13:08:38.304","cmeh5dugk0000vyy07akpu0go"
"cmfmiijhg0001vymk2na81v66","san,spray.png","/uploads/1758024696952-san_spray.png",986808,"image/png","2025-09-16 12:11:38.648","2025-09-16 12:11:38.648","cmeh5dugk0000vyy07akpu0go"
"cmfwjld9m0003vywg202yvqrr","WhatsApp Image 2025-09-23 at 15.34.34 (1).jpeg","/uploads/1758631172268-whatsapp_image_2025_09_23_at_15.34.34__1_.jpeg",62689,"image/jpeg","2025-09-23 12:39:32.458","2025-09-23 12:39:32.458","cmeh5dugk0000vyy07akpu0go"
"cmfwjmn4k0005vywgsikez0n9","WhatsApp Image 2025-09-23 at 15.34.34.jpeg","/uploads/1758631230282-whatsapp_image_2025_09_23_at_15.34.34.jpeg",55628,"image/jpeg","2025-09-23 12:40:31.892","2025-09-23 12:40:31.892","cmeh5dugk0000vyy07akpu0go"
"cmfwjpu4x0007vywgvqalobrq","Ser'change.png","/uploads/1758631380912-ser_change.png",349665,"image/png","2025-09-23 12:43:00.944","2025-09-23 12:43:00.944","cmeh5dugk0000vyy07akpu0go"
"cmfwk2xhh000bvywgivb23kwv","crea'change.png","/uploads/1758631989073-crea_change.png",725343,"image/png","2025-09-23 12:53:11.813","2025-09-23 12:53:11.813","cmeh5dugk0000vyy07akpu0go"
"cmfxjw2rk0001vyw06eedca9e","IMG-20250924-WA0011.jpg","/uploads/1758692136662-img_20250924_wa0011.jpg",216053,"image/jpeg","2025-09-24 05:35:38.15","2025-09-24 05:35:38.15","cmeh5dugk0000vyy07akpu0go"
"cmfxjw4f50003vyw0ibya6yw4","IMG-20250924-WA0012.jpg","/uploads/1758692140306-img_20250924_wa0012.jpg",149691,"image/jpeg","2025-09-24 05:35:40.385","2025-09-24 05:35:40.385","cmeh5dugk0000vyy07akpu0go"
"cmfxnec600001vys45z8spthx","77.webp","/uploads/1758698028664-77.webp",43022,"image/webp","2025-09-24 07:13:48.942","2025-09-24 07:13:48.942","cmeh5dugk0000vyy07akpu0go"
"cmfxnlpss0003vys4jlieiahq","106.webp","/uploads/1758698373058-106.webp",34474,"image/webp","2025-09-24 07:19:33.34","2025-09-24 07:19:33.34","cmeh5dugk0000vyy07akpu0go"
"cmfxnmm5r0005vys4m8xh2tgd","112.webp","/uploads/1758698415245-112.webp",62014,"image/webp","2025-09-24 07:20:15.279","2025-09-24 07:20:15.279","cmeh5dugk0000vyy07akpu0go"
"cmfxnnfjd0007vys4d3tbnsmb","11.webp","/uploads/1758698453342-11.webp",38438,"image/webp","2025-09-24 07:20:53.353","2025-09-24 07:20:53.353","cmeh5dugk0000vyy07akpu0go"
"cmfxno70r0009vys444bks6fj","3.webp","/uploads/1758698488962-3.webp",40454,"image/webp","2025-09-24 07:21:28.971","2025-09-24 07:21:28.971","cmeh5dugk0000vyy07akpu0go"
"cmfxnolcs000bvys49icyjkwv","5.webp","/uploads/1758698507518-5.webp",23394,"image/webp","2025-09-24 07:21:47.548","2025-09-24 07:21:47.548","cmeh5dugk0000vyy07akpu0go"
"cmfxnp2cc000dvys4qatemmmd","2.webp","/uploads/1758698529528-2.webp",35474,"image/webp","2025-09-24 07:22:09.564","2025-09-24 07:22:09.564","cmeh5dugk0000vyy07akpu0go"
"cmfxnphnz000fvys4ak37teb1","7.webp","/uploads/1758698549401-7.webp",36350,"image/webp","2025-09-24 07:22:29.423","2025-09-24 07:22:29.423","cmeh5dugk0000vyy07akpu0go"
"cmfxnqxkt000hvys4kctf2an6","29.webp","/uploads/1758698616690-29.webp",27208,"image/webp","2025-09-24 07:23:36.701","2025-09-24 07:23:36.701","cmeh5dugk0000vyy07akpu0go"
"cmfxnqyos000jvys4vpd1ok4i","37.webp","/uploads/1758698618111-37.webp",29468,"image/webp","2025-09-24 07:23:38.14","2025-09-24 07:23:38.14","cmeh5dugk0000vyy07akpu0go"
"cmfxnr06x000lvys4gz9px6nj","36.webp","/uploads/1758698620060-36.webp",33600,"image/webp","2025-09-24 07:23:40.089","2025-09-24 07:23:40.089","cmeh5dugk0000vyy07akpu0go"
"cmfxnrsoc000nvys4o74mpeou","8.webp","/uploads/1758698656966-8.webp",48528,"image/webp","2025-09-24 07:24:17.003","2025-09-24 07:24:17.003","cmeh5dugk0000vyy07akpu0go"
"cmfxnt46b000pvys4vx9y8fum","58.webp","/uploads/1758698718300-58.webp",29474,"image/webp","2025-09-24 07:25:18.329","2025-09-24 07:25:18.329","cmeh5dugk0000vyy07akpu0go"
"cmfxnubek000rvys4nu0imdq4","75.webp","/uploads/1758698774543-75.webp",38054,"image/webp","2025-09-24 07:26:14.588","2025-09-24 07:26:14.588","cmeh5dugk0000vyy07akpu0go"
"cmfxnuct5000tvys4db139s44","76.webp","/uploads/1758698775976-76.webp",36662,"image/webp","2025-09-24 07:26:16.41","2025-09-24 07:26:16.41","cmeh5dugk0000vyy07akpu0go"
"cmfxnv2tu000vvys4qbh01ki8","78.webp","/uploads/1758698810110-78.webp",37220,"image/webp","2025-09-24 07:26:50.13","2025-09-24 07:26:50.13","cmeh5dugk0000vyy07akpu0go"
"cmfxnvqje000xvys47id471en","79 (1).webp","/uploads/1758698840849-79__1_.webp",27186,"image/webp","2025-09-24 07:27:20.858","2025-09-24 07:27:20.858","cmeh5dugk0000vyy07akpu0go"
"cmfxnwzou000zvys4k8k88v42","60.webp","/uploads/1758698899361-60.webp",13492,"image/webp","2025-09-24 07:28:19.373","2025-09-24 07:28:19.373","cmeh5dugk0000vyy07akpu0go"
"cmfxnxl040011vys4nlczf1tn","62.webp","/uploads/1758698926987-62.webp",26726,"image/webp","2025-09-24 07:28:46.996","2025-09-24 07:28:46.996","cmeh5dugk0000vyy07akpu0go"
"cmfxnz04s0015vys4p7kidqf4","67 (1).webp","/uploads/1758698992964-67__1_.webp",33742,"image/webp","2025-09-24 07:29:53.26","2025-09-24 07:29:53.26","cmeh5dugk0000vyy07akpu0go"
"cmfxorc8c0019vys4p6tugpuo","87.webp","/uploads/1758700314968-87.webp",37618,"image/webp","2025-09-24 07:51:55.308","2025-09-24 07:51:55.308","cmeh5dugk0000vyy07akpu0go"
"cmfxotjhw001bvys4fbyfg94q","40.webp","/uploads/1758700413807-40.webp",35910,"image/webp","2025-09-24 07:53:38.037","2025-09-24 07:53:38.037","cmeh5dugk0000vyy07akpu0go"
"cmfxotkbi001dvys4kg1d1mjf","39.webp","/uploads/1758700418839-39.webp",21150,"image/webp","2025-09-24 07:53:39.102","2025-09-24 07:53:39.102","cmeh5dugk0000vyy07akpu0go"
"cmfxotrpc001fvys407dojbzp","47.webp","/uploads/1758700425111-47.webp",31548,"image/webp","2025-09-24 07:53:48.673","2025-09-24 07:53:48.673","cmeh5dugk0000vyy07akpu0go"
"cmfxotvu1001hvys44n2ful95","70.webp","/uploads/1758700432576-70.webp",40882,"image/webp","2025-09-24 07:53:54.025","2025-09-24 07:53:54.025","cmeh5dugk0000vyy07akpu0go"
"cmfxotx5n001jvys45pzuhv8f","66.webp","/uploads/1758700435110-66.webp",30364,"image/webp","2025-09-24 07:53:55.74","2025-09-24 07:53:55.74","cmeh5dugk0000vyy07akpu0go"
"cmfxox6vh001lvys4n1tk7oa3","93.webp","/uploads/1758700577116-93.webp",21270,"image/webp","2025-09-24 07:56:28.301","2025-09-24 07:56:28.301","cmeh5dugk0000vyy07akpu0go"
"cmfxoxd94001nvys4jqz1yjaf","90.webp","/uploads/1758700595529-90.webp",33076,"image/webp","2025-09-24 07:56:36.568","2025-09-24 07:56:36.568","cmeh5dugk0000vyy07akpu0go"
"cmfxoxll3001pvys4ikt8mg81","82.webp","/uploads/1758700606727-82.webp",31142,"image/webp","2025-09-24 07:56:47.082","2025-09-24 07:56:47.082","cmeh5dugk0000vyy07akpu0go"
"cmfxoxmh8001rvys4xiwwlcnq","83 (1).webp","/uploads/1758700607658-83__1_.webp",50010,"image/webp","2025-09-24 07:56:48.524","2025-09-24 07:56:48.524","cmeh5dugk0000vyy07akpu0go"
"cmfxoy164001tvys4c05gplr9","48.webp","/uploads/1758700626942-48.webp",32820,"image/webp","2025-09-24 07:57:07.562","2025-09-24 07:57:07.562","cmeh5dugk0000vyy07akpu0go"
"cmfxppotq0001vyk4bz4viamb","94.webp","/uploads/1758701916224-94.webp",29872,"image/webp","2025-09-24 08:18:37.841","2025-09-24 08:18:37.841","cmeh5dugk0000vyy07akpu0go"
"cmfxpsosy0007vyk48amf2bq3","88.webp","/uploads/1758702056579-88.webp",32578,"image/webp","2025-09-24 08:20:57.874","2025-09-24 08:20:57.874","cmeh5dugk0000vyy07akpu0go"
"cmfxpyt370009vyk44yiyhel3","81.webp","/uploads/1758702341352-81.webp",25378,"image/webp","2025-09-24 08:25:43.363","2025-09-24 08:25:43.363","cmeh5dugk0000vyy07akpu0go"
"cmfxqbugl000bvyk4x5u3ons0","sassy-logo-trans.webp","/uploads/1758702949667-sassy_logo_trans.webp",22166,"image/webp","2025-09-24 08:35:51.669","2025-09-24 08:35:51.669","cmeh5dugk0000vyy07akpu0go"
"cmfxqsozo000dvyk42zr5x7si","41.webp","/uploads/1758703735451-41.webp",18856,"image/webp","2025-09-24 08:48:57.732","2025-09-24 08:48:57.732","cmeh5dugk0000vyy07akpu0go"
"cmfxr99u8000fvyk4d0xtiery","png.webp","/uploads/1758704507883-png.webp",39900,"image/webp","2025-09-24 09:01:51.249","2025-09-24 09:01:51.249","cmeh5dugk0000vyy07akpu0go"
"cmfxr9cd2000hvyk4dzqi0thf","saa (1).webp","/uploads/1758704514259-saa__1_.webp",6694,"image/webp","2025-09-24 09:01:54.518","2025-09-24 09:01:54.518","cmeh5dugk0000vyy07akpu0go"
"cmfxr9gaj000jvyk44l1aiqqi","0.webp","/uploads/1758704519280-0.webp",11120,"image/webp","2025-09-24 09:01:59.611","2025-09-24 09:01:59.611","cmeh5dugk0000vyy07akpu0go"
